0,0.595,0.595,0.49808734939759036,0.5502710843373494,0.423539156626506,0.47274096385542175,0.3803012048192771,0.40117469879518075,0.3385542168674699,0.3504819277108434,0.49808734939759036,0.35495481927710837,0.4623042168674699,0.2595331325301205,0.44441265060240964,0.2013855421686747,0.43099397590361443,0.1462198795180723,0.5577259036144578,0.34153614457831327,0.5517620481927711,0.22822289156626507,0.5487801204819277,0.1596385542168675,0.547289156626506,0.1,0.6158734939759036,0.35495481927710837,0.6218373493975904,0.25058734939759036,0.6203463855421686,0.1879668674698795,0.6158734939759036,0.12981927710843372,0.6755120481927711,0.38924698795180723,0.7068222891566265,0.3132078313253012,0.7217319277108434,0.2640060240963855,0.7321686746987951,0.21629518072289158
0,0.595,0.595,0.5015170278637772,0.5505572755417957,0.4218266253869969,0.47393188854489166,0.36972136222910224,0.4034365325077399,0.32374613003095976,0.35133126934984515,0.5091795665634675,0.35746130030959755,0.4769969040247678,0.2593808049535604,0.45860681114551083,0.19961300309597524,0.44328173374613,0.1459752321981424,0.5689473684210526,0.34673374613003094,0.5658823529411765,0.233328173374613,0.5628173374613004,0.1628328173374613,0.5612848297213622,0.1,0.6241176470588236,0.36205882352941177,0.6348452012383901,0.2593808049535604,0.633312693498452,0.195015479876161,0.6287151702786377,0.13371517027863777,0.6792879256965944,0.4003715170278638,0.7130030959752323,0.3252786377708978,0.728328173374613,0.27470588235294113,0.7375232198142414,0.22413312693498452
0,0.595,0.595,0.5087006578947368,0.5461513157894736,0.4403125,0.46962171052631585,0.3816940789473684,0.41263157894736846,0.32958881578947363,0.3784375,0.5477796052631578,0.3458717105263158,0.5428947368421053,0.24166118421052635,0.5428947368421053,0.17652960526315786,0.5445230263157894,0.11953947368421054,0.6063980263157894,0.3458717105263158,0.6210526315789473,0.23189144736842107,0.6291940789473683,0.1602467105263158,0.6389638157894737,0.1,0.656875,0.37029605263157894,0.6861842105263157,0.2677138157894737,0.6992105263157894,0.20095394736842107,0.7073519736842105,0.1407072368421053,0.7008388157894737,0.41588815789473677,0.7464309210526315,0.3458717105263158,0.7692269736842106,0.29539473684210527,0.7871381578947367,0.24654605263157894
0,0.595,0.595,0.5032747603833866,0.5538817891373802,0.4194568690095847,0.4827156549520767,0.3514536741214058,0.42578274760383383,0.289776357827476,0.3988977635782748,0.5032747603833866,0.357779552715655,0.484297124600639,0.25182108626198085,0.47797124600638985,0.1885623003194888,0.4748083067092651,0.1332108626198083,0.5633706070287541,0.34829073482428113,0.5617891373801916,0.23126198083067093,0.5617891373801916,0.1616773162939297,0.5649520766773163,0.1,0.621884984025559,0.36410543130990414,0.637699680511182,0.25656549520766775,0.6440255591054314,0.19014376996805116,0.6487699680511182,0.13004792332268372,0.6788178913738019,0.4004792332268371,0.7136102236421725,0.32298722044728434,0.7325878594249201,0.27238019169329075,0.7468210862619808,0.2217731629392971
0,0.595,0.595,0.5030944625407167,0.5563029315960912,0.4240879478827362,0.4918078175895766,0.35959283387622154,0.44182410423452767,0.30477198697068403,0.41118892508143323,0.5095439739413681,0.3563680781758958,0.4901954397394137,0.25478827361563516,0.4805211726384365,0.19029315960912052,0.4756840390879479,0.1354723127035831,0.5675895765472313,0.3466938110749186,0.5659771986970684,0.2338273615635179,0.5627524429967427,0.16127035830618897,0.5627524429967427,0.1,0.6224104234527688,0.3628175895765472,0.6353094462540716,0.25640065146579805,0.6369218241042345,0.18868078175895764,0.6353094462540716,0.12741042345276876,0.6772312703583062,0.3982899022801303,0.7110912052117264,0.3208957654723127,0.7272149837133551,0.2676872964169381,0.7385016286644952,0.21609120521172637
0,0.595,0.595,0.5063192182410423,0.5514657980456026,0.4321498371335505,0.47890879478827364,0.3708794788273616,0.4240879478827362,0.3112214983713355,0.39345276872964174,0.5272801302931596,0.3515309446254071,0.5127687296416938,0.25156351791530945,0.5079315960912052,0.18868078175895764,0.5063192182410423,0.1338599348534202,0.5853257328990228,0.3466938110749186,0.5885504885993486,0.2338273615635179,0.5885504885993486,0.16288273615635177,0.5901628664495114,0.1,0.6369218241042345,0.36765472312703584,0.6578827361563518,0.2628501628664495,0.6627198697068404,0.19513029315960911,0.6627198697068404,0.1338599348534202,0.6869055374592834,0.40957654723127035,0.7256026058631923,0.3370195439739414,0.7417263843648209,0.28381107491856683,0.7546254071661237,0.23221498371335506
0,0.595,0.595,0.49535714285714283,0.5741071428571428,0.3941071428571429,0.5226785714285714,0.3105357142857143,0.48732142857142857,0.2430357142857143,0.4776785714285714,0.4535714285714286,0.3716071428571428,0.4085714285714286,0.2671428571428571,0.3844642857142857,0.2044642857142857,0.36678571428571427,0.14982142857142858,0.5130357142857143,0.34750000000000003,0.4889285714285714,0.22857142857142856,0.4744642857142858,0.1594642857142857,0.4664285714285714,0.1,0.5773214285714285,0.34910714285714284,0.5757142857142857,0.23660714285714288,0.5741071428571428,0.16589285714285712,0.5725,0.10321428571428569,0.6416071428571428,0.3716071428571428,0.6721428571428572,0.2896428571428571,0.6914285714285714,0.235,0.7075,0.18196428571428575
1,0.595,0.595,0.5511803278688524,0.4570491803278689,0.46191803278688526,0.31098360655737706,0.4018688524590164,0.19575409836065577,0.397,0.1,0.4424426229508197,0.3255901639344262,0.23145901639344263,0.3483114754098361,0.2704098360655738,0.39050819672131154,0.33695081967213114,0.397,0.4424426229508197,0.42296721311475405,0.22659016393442624,0.43757377049180324,0.2801475409836066,0.4667868852459016,0.3483114754098361,0.47003278688524597,0.43757377049180324,0.520344262295082,0.2395737704918033,0.5170983606557377,0.29150819672131145,0.5398196721311476,0.35967213114754104,0.5446885245901639,0.43108196721311476,0.6079836065573769,0.2720327868852459,0.5966229508196721,0.30773770491803276,0.6096065573770492,0.36129508196721316,0.6144754098360655
1,0.595,0.595,0.5539211618257261,0.46354771784232374,0.4697095435684647,0.3136099585062241,0.41425311203319504,0.19653526970954355,0.41425311203319504,0.1,0.46149377593360996,0.3238796680497925,0.25404564315352696,0.334149377593361,0.2930705394190871,0.38344398340248964,0.360850622406639,0.39576763485477173,0.4594398340248963,0.41836099585062236,0.2417219917012448,0.42657676348547713,0.2930705394190871,0.4594398340248963,0.3629045643153527,0.46354771784232374,0.4512240663900414,0.5128423236514523,0.2499377593360996,0.5046265560165974,0.29717842323651456,0.5292738589211619,0.3670124481327801,0.5333817427385892,0.440954356846473,0.5991078838174274,0.2786929460580913,0.5847302904564315,0.31566390041493775,0.5970539419087136,0.3731742738589212,0.6032157676348547
1,0.595,0.595,0.555483193277311,0.4535714285714286,0.4702100840336134,0.31006302521008405,0.39741596638655463,0.195672268907563,0.37453781512605044,0.1,0.43485294117647066,0.3142226890756302,0.233109243697479,0.32046218487394956,0.26846638655462185,0.3703781512605042,0.33502100840336135,0.3828571428571429,0.422373949579832,0.40781512605042014,0.20815126050420169,0.41405462184873953,0.2580672268907563,0.45149159663865546,0.3267016806722689,0.45773109243697474,0.4098949579831933,0.5055672268907563,0.2039915966386555,0.4951680672268908,0.2539075630252101,0.5242857142857144,0.32462184873949584,0.5263655462184874,0.39533613445378146,0.595,0.2372689075630252,0.5825210084033613,0.2767857142857143,0.5970798319327731,0.33502100840336135,0.5970798319327731
1,0.595,0.595,0.5381967213114754,0.4651639344262295,0.4387909836065573,0.31706967213114756,0.37184426229508205,0.1973770491803279,0.35561475409836063,0.1,0.43473360655737703,0.32112704918032786,0.22172131147540985,0.34750000000000003,0.2643237704918033,0.39618852459016396,0.33127049180327867,0.4063319672131148,0.4408196721311476,0.41647540983606557,0.21563524590163935,0.44284836065573774,0.27243852459016393,0.4732786885245901,0.3414139344262295,0.47124999999999995,0.44284836065573774,0.5158811475409836,0.23186475409836066,0.5260245901639344,0.28055327868852464,0.5442827868852459,0.3495286885245902,0.5422540983606557,0.4387909836065573,0.6051434426229507,0.26838114754098363,0.5990573770491803,0.3069262295081967,0.6092008196721311,0.3657581967213115,0.6112295081967213
1,0.595,0.595,0.5402254098360656,0.4651639344262295,0.4387909836065573,0.31706967213114756,0.36778688524590164,0.199405737704918,0.3535860655737705,0.1,0.4245901639344263,0.31706967213114756,0.2075204918032787,0.35155737704918033,0.25215163934426227,0.4022745901639344,0.323155737704918,0.40836065573770497,0.42661885245901643,0.40836065573770497,0.2014344262295082,0.4408196721311476,0.2562090163934426,0.4773360655737705,0.3251844262295082,0.47530737704918036,0.4245901639344263,0.5037090163934426,0.2136065573770492,0.519938524590164,0.2643237704918033,0.5483401639344263,0.335327868852459,0.546311475409836,0.4185040983606557,0.595,0.2501229508196722,0.6010860655737705,0.2866393442622951,0.6173155737704918,0.3434426229508197,0.6173155737704918
1,0.595,0.595,0.5383686440677966,0.44188559322033893,0.43139830508474575,0.30135593220338985,0.33911016949152545,0.19228813559322033,0.2950635593220339,0.1,0.3726694915254237,0.31184322033898304,0.17550847457627122,0.34959745762711864,0.22165254237288137,0.39574152542372876,0.2908686440677966,0.3978389830508474,0.3684745762711864,0.4083262711864407,0.16292372881355932,0.4439830508474576,0.21955508474576274,0.47544491525423727,0.2908686440677966,0.4733474576271186,0.3684745762711864,0.5131991525423729,0.17131355932203388,0.5341737288135593,0.22794491525423727,0.5551483050847458,0.3034533898305085,0.5488559322033898,0.3684745762711864,0.611779661016949,0.21536016949152545,0.6222669491525424,0.2615042372881356,0.6327542372881356,0.3202330508474577,0.624364406779661
1,0.595,0.595,0.5470967741935484,0.45528225806451617,0.4532862903225806,0.3095766129032258,0.38143145161290326,0.19381048387096778,0.3594758064516129,0.1,0.41735887096774194,0.31556451612903225,0.20578629032258067,0.3554838709677419,0.2516935483870968,0.3993951612903226,0.3175604838709678,0.40139112903225804,0.4153629032258065,0.40937500000000004,0.20379032258064517,0.4453024193548387,0.2636693548387097,0.4772379032258065,0.33153225806451614,0.4732459677419355,0.4113709677419355,0.5111693548387097,0.21576612903225806,0.5291330645161291,0.2716532258064516,0.5510887096774193,0.34350806451612903,0.5490927419354839,0.4073790322580645,0.6029838709677419,0.2516935483870968,0.6109677419354839,0.2936088709677419,0.6229435483870968,0.3514919354838709,0.6229435483870968
0,0.595,0.595,0.49952522255192877,0.5524035608308605,0.42314540059347183,0.4804302670623145,0.3717359050445104,0.4158011869436201,0.32326409495548963,0.3702670623145401,0.5009940652818992,0.3599851632047478,0.4730860534124629,0.2571661721068249,0.4569287833827893,0.19694362017804154,0.4422403560830861,0.14259643916913944,0.5626854599406528,0.34676557863501484,0.5582789317507418,0.23219584569732937,0.5524035608308605,0.1616913946587537,0.5479970326409496,0.1,0.6199703264094956,0.3599851632047478,0.6302522255192878,0.2571661721068249,0.6287833827893174,0.1940059347181009,0.6229080118694362,0.1323145400593472,0.6772551928783382,0.3952373887240357,0.7066320474777448,0.31885756676557864,0.7183827893175073,0.26891691394658757,0.7227893175074184,0.21897626112759644
0,0.595,0.595,0.5005,0.5575,0.42099999999999993,0.48850000000000005,0.358,0.43599999999999994,0.2995,0.4045000000000001,0.511,0.355,0.49,0.2545,0.4794999999999999,0.1915,0.47050000000000003,0.1375,0.5695,0.3445,0.5650000000000001,0.23200000000000004,0.5575,0.16150000000000003,0.553,0.1,0.6234999999999999,0.35949999999999993,0.634,0.2545,0.631,0.18850000000000003,0.6265000000000001,0.12999999999999998,0.6775,0.39249999999999996,0.7045,0.313,0.7164999999999999,0.259,0.7224999999999999,0.20650000000000002
0,0.595,0.595,0.49689189189189187,0.5682432432432433,0.40472972972972976,0.5117567567567568,0.3318918918918919,0.46270270270270264,0.2724324324324324,0.4344594594594594,0.4716216216216216,0.36459459459459453,0.43594594594594593,0.2635135135135135,0.4151351351351351,0.20256756756756755,0.39878378378378376,0.14905405405405406,0.5295945945945946,0.3452702702702703,0.5102702702702703,0.2293243243243243,0.4939189189189189,0.15945945945945944,0.485,0.1,0.5890540540540541,0.35121621621621624,0.5845945945945946,0.24121621621621622,0.5771621621621622,0.17432432432432432,0.5682432432432433,0.11337837837837836,0.6514864864864865,0.37797297297297294,0.6722972972972973,0.2947297297297298,0.6827027027027027,0.23972972972972972,0.6901351351351351,0.18770270270270273
1,0.595,0.595,0.5467977528089888,0.4559550561797753,0.45966292134831466,0.3150561797752809,0.4040449438202247,0.19825842696629215,0.39848314606741564,0.1,0.41146067415730336,0.3484269662921349,0.2242134831460674,0.3743820224719101,0.2668539325842697,0.407752808988764,0.3298876404494382,0.41331460674157305,0.4058988764044944,0.4485393258426966,0.21308988764044945,0.46151685393258424,0.265,0.4837640449438202,0.3298876404494382,0.4837640449438202,0.40033707865168533,0.5467977528089888,0.2242134831460674,0.5430898876404494,0.2742696629213483,0.5597752808988764,0.34101123595505617,0.5616292134831461,0.39662921348314606,0.6339325842696629,0.25202247191011234,0.6209550561797752,0.28724719101123597,0.6265168539325842,0.33730337078651684,0.6283707865168539
1,0.595,0.595,0.5443307086614173,0.44494094488188973,0.4585826771653544,0.3104724409448819,0.3864763779527559,0.20133858267716534,0.36893700787401573,0.1,0.3708858267716536,0.34165354330708664,0.20913385826771658,0.36893700787401573,0.24811023622047246,0.41181102362204725,0.30267716535433076,0.42155511811023616,0.35724409448818895,0.4371456692913386,0.19354330708661416,0.4566338582677165,0.23446850393700785,0.489763779527559,0.2948818897637795,0.49366141732283464,0.35139763779527555,0.5404330708661417,0.19549212598425197,0.5462795275590551,0.23641732283464564,0.5677165354330709,0.3007283464566929,0.5657677165354331,0.35139763779527555,0.633976377952756,0.22277559055118112,0.6281299212598426,0.25980314960629924,0.6378740157480315,0.3104724409448819,0.633976377952756
1,0.595,0.595,0.5455,0.4579230769230769,0.4560192307692308,0.3151346153846154,0.397,0.19899999999999998,0.38557692307692304,0.1,0.397,0.34559615384615383,0.21423076923076922,0.37415384615384617,0.2599230769230769,0.4103269230769231,0.3246538461538462,0.4141346153846154,0.39319230769230773,0.4426923076923077,0.20471153846153847,0.4617307692307693,0.25611538461538463,0.4845769230769231,0.32275,0.4845769230769231,0.38938461538461533,0.5397884615384615,0.21613461538461542,0.5455,0.26753846153846156,0.5645384615384615,0.33607692307692305,0.5626346153846153,0.38938461538461533,0.6273653846153846,0.24469230769230768,0.6235576923076923,0.28086538461538463,0.6311730769230769,0.33226923076923076,0.6311730769230769
1,0.595,0.595,0.5389622641509434,0.447433962264151,0.45677358490566045,0.30733962264150944,0.3913962264150943,0.19339622641509432,0.37084905660377354,0.1,0.37645283018867925,0.3278867924528302,0.22141509433962261,0.3503018867924529,0.2531698113207548,0.3913962264150943,0.2998679245283019,0.397,0.3596415094339622,0.4156792452830189,0.20460377358490564,0.4343584905660378,0.2456981132075472,0.4661132075471699,0.29800000000000004,0.4661132075471699,0.3503018867924529,0.5146792452830189,0.20460377358490564,0.5165471698113208,0.24943396226415096,0.5426981132075471,0.30920754716981136,0.5408301886792453,0.3484339622641509,0.6080754716981132,0.22515094339622643,0.5912641509433962,0.26624528301886796,0.6062075471698113,0.3166792452830189,0.609943396226415
1,0.595,0.595,0.5391729323308271,0.44612781954887215,0.45729323308270675,0.30842105263157893,0.3940225563909775,0.1930451127819549,0.3716917293233083,0.1,0.37913533834586466,0.33075187969924813,0.22840225563909775,0.3493609022556391,0.25817669172932334,0.39030075187969926,0.30097744360902257,0.3977443609022556,0.36424812030075193,0.41821428571428565,0.2079323308270677,0.43496240601503766,0.2470112781954887,0.46845864661654135,0.30097744360902257,0.46845864661654135,0.35308270676691733,0.5149812030075188,0.20607142857142857,0.5187030075187969,0.2507330827067669,0.5428947368421053,0.31028195488721805,0.5428947368421053,0.3493609022556391,0.6080263157894737,0.22654135338345865,0.5931390977443609,0.2656203007518797,0.6080263157894737,0.31772556390977447,0.6117481203007518
1,0.595,0.595,0.5389622641509434,0.447433962264151,0.45677358490566045,0.30733962264150944,0.38952830188679244,0.19339622641509432,0.3689811320754717,0.1,0.3783207547169811,0.3297547169811321,0.22701886792452833,0.3484339622641509,0.2569056603773585,0.38952830188679244,0.3017358490566038,0.39513207547169815,0.36337735849056607,0.4175471698113208,0.20460377358490564,0.4362264150943397,0.2456981132075472,0.46798113207547176,0.2998679245283019,0.46798113207547176,0.35216981132075476,0.5165471698113208,0.20273584905660375,0.5184150943396226,0.24943396226415096,0.5445660377358491,0.30920754716981136,0.5426981132075471,0.3484339622641509,0.609943396226415,0.2232830188679245,0.595,0.26250943396226417,0.609943396226415,0.31481132075471696,0.611811320754717
7,0.595,0.595,0.5143665158371041,0.7383484162895928,0.37325791855203627,0.8682579185520362,0.26350678733031674,0.9645701357466063,0.20975113122171946,1.0564027149321267,0.24334841628959275,0.7450678733031674,0.13583710407239818,0.7585067873303167,0.23662895927601812,0.7383484162895928,0.3105429864253394,0.7204298642533936,0.2231900452488688,0.6487556561085973,0.10895927601809957,0.6554751131221719,0.23662895927601812,0.6465158371040725,0.31278280542986425,0.635316742081448,0.2209502262443439,0.554683257918552,0.1,0.5524434389140271,0.21423076923076922,0.5591628959276018,0.29710407239819003,0.554683257918552,0.23438914027149324,0.45613122171945697,0.12463800904977379,0.45165158371040726,0.19407239819004524,0.4718099547511312,0.25902714932126697,0.476289592760181
7,0.595,0.595,0.5037557603686637,0.7478341013824885,0.366889400921659,0.884700460829493,0.25511520737327187,0.9919124423963133,0.2117741935483871,1.09,0.23458525345622122,0.7523963133640553,0.12737327188940092,0.7706451612903226,0.23458525345622122,0.745552995391705,0.29845622119815673,0.7295852534562212,0.21633640552995392,0.6588709677419354,0.10912442396313365,0.6725576036866359,0.23686635944700463,0.6588709677419354,0.3007373271889401,0.6474654377880185,0.21633640552995392,0.5653456221198156,0.10228110599078341,0.5721889400921659,0.21633640552995392,0.5744700460829493,0.28476958525345625,0.5653456221198156,0.23230414746543776,0.4695391705069124,0.12509216589861752,0.4695391705069124,0.19580645161290325,0.4900691244239631,0.2573963133640553,0.49235023041474657
7,0.595,0.595,0.5205309734513275,0.7461283185840707,0.3913053097345133,0.8841150442477876,0.2861725663716814,0.9914380530973451,0.23579646017699116,1.083429203539823,0.2533185840707965,0.7614601769911504,0.14161504424778762,0.7789823008849558,0.2379867256637168,0.7548893805309734,0.3124557522123894,0.7395575221238938,0.22703539823008848,0.6694690265486726,0.11533185840707967,0.6848008849557522,0.24236725663716815,0.6672787610619468,0.31683628318584073,0.654137168141593,0.21827433628318588,0.5774778761061946,0.1,0.588429203539823,0.2160840707964602,0.5862389380530973,0.2993141592920354,0.5774778761061946,0.2226548672566372,0.4811061946902655,0.10876106194690267,0.48548672566371676,0.18103982300884958,0.49862831858407086,0.2511283185840708,0.49862831858407086
7,0.595,0.595,0.5202,0.7445999999999999,0.3882,0.8854,0.2804,0.9888,0.2254,1.079,0.2518,0.7599999999999999,0.14620000000000002,0.7819999999999999,0.243,0.7556,0.3134,0.7358,0.2254,0.6698000000000001,0.11539999999999999,0.6874,0.243,0.6698000000000001,0.31779999999999997,0.6544,0.2166,0.5774,0.1,0.5862,0.21440000000000003,0.5862,0.29800000000000004,0.5774,0.2232,0.4806,0.10880000000000001,0.4828,0.17920000000000003,0.4982,0.2474,0.4982
7,0.595,0.595,0.5205309734513275,0.7395575221238938,0.38254424778761065,0.8709734513274335,0.2708407079646018,0.9695353982300885,0.21170353982300888,1.0549557522123894,0.2511283185840708,0.7483185840707964,0.14380530973451328,0.7658407079646017,0.24236725663716815,0.7461283185840707,0.31683628318584073,0.7264159292035398,0.22703539823008848,0.6585176991150443,0.11533185840707967,0.6694690265486726,0.2445575221238938,0.6563274336283186,0.3234070796460177,0.640995575221239,0.22046460176991153,0.5665265486725664,0.1,0.5709070796460177,0.21827433628318588,0.5730973451327434,0.3058849557522124,0.5643362831858407,0.22922566371681413,0.4679646017699115,0.11533185840707967,0.47015486725663713,0.18761061946902657,0.48548672566371676,0.25988938053097344,0.4876769911504425
7,0.595,0.595,0.5246,0.7424,0.3882,0.8766,0.2694,0.9712,0.20340000000000003,1.0504,0.254,0.749,0.1418,0.7666,0.24080000000000004,0.7467999999999999,0.3156,0.7292,0.2298,0.6566,0.11539999999999999,0.6676,0.2452,0.6544,0.3288,0.6434,0.2232,0.5642,0.1,0.5686,0.22100000000000003,0.5708,0.3112,0.5642,0.23200000000000004,0.46519999999999995,0.11760000000000001,0.4696,0.19240000000000002,0.485,0.265,0.4872000000000001
7,0.595,0.595,0.5249115044247787,0.7395575221238938,0.3847345132743363,0.8753539823008849,0.2642699115044248,0.9673451327433629,0.1963716814159292,1.044004424778761,0.2533185840707965,0.7483185840707964,0.14161504424778762,0.7702212389380532,0.24017699115044247,0.7483185840707964,0.3124557522123894,0.7307964601769911,0.23141592920353982,0.654137168141593,0.113141592920354,0.6672787610619468,0.24674778761061947,0.6563274336283186,0.3255973451327434,0.640995575221239,0.2226548672566372,0.5621460176991151,0.1,0.5687168141592921,0.2226548672566372,0.5709070796460177,0.31026548672566373,0.5643362831858407,0.23360619469026547,0.46358407079646025,0.11971238938053096,0.4679646017699115,0.19418141592920352,0.48548672566371676,0.2642699115044248,0.4898672566371681
7,0.595,0.595,0.5268,0.7402000000000001,0.3882,0.8722,0.2694,0.9645999999999999,0.2012,1.0438,0.2562,0.749,0.14400000000000002,0.7688,0.24080000000000004,0.749,0.3134,0.7313999999999999,0.23200000000000004,0.6566,0.11319999999999998,0.6654,0.2452,0.6544,0.3244,0.6434,0.2254,0.5642,0.1,0.5686,0.2188,0.5708,0.3068,0.5664,0.2342,0.46740000000000004,0.11980000000000002,0.4696,0.1946,0.485,0.265,0.4872000000000001
7,0.595,0.595,0.5249115044247787,0.7373672566371682,0.38254424778761065,0.8665929203539823,0.25988938053097344,0.9563938053097344,0.1898008849557522,1.030862831858407,0.2533185840707965,0.7439380530973451,0.14161504424778762,0.7636504424778761,0.24236725663716815,0.7483185840707964,0.3124557522123894,0.7307964601769911,0.23141592920353982,0.6519469026548672,0.11533185840707967,0.6628982300884956,0.24674778761061947,0.654137168141593,0.3190265486725664,0.6431858407079646,0.22484513274336282,0.5599557522123894,0.1,0.5643362831858407,0.22046460176991153,0.5709070796460177,0.3058849557522124,0.5643362831858407,0.23360619469026547,0.46358407079646025,0.11971238938053096,0.46577433628318576,0.19418141592920352,0.48548672566371676,0.2642699115044248,0.4876769911504425
7,0.595,0.595,0.529,0.7402000000000001,0.3882,0.8766,0.2694,0.969,0.19899999999999998,1.046,0.2562,0.7534,0.14400000000000002,0.7776,0.243,0.7556,0.3112,0.7358,0.23200000000000004,0.6632,0.11539999999999999,0.6764,0.2452,0.6654,0.31779999999999997,0.65,0.2232,0.5708,0.1,0.5774,0.2188,0.5818,0.3024,0.5730000000000001,0.23200000000000004,0.474,0.11980000000000002,0.47840000000000005,0.1946,0.4938,0.265,0.496
7,0.595,0.595,0.5151612903225806,0.7318663594470046,0.3828571428571429,0.8710138248847926,0.2802073732718894,0.9827880184331796,0.22546082949308757,1.09,0.19352534562211982,0.7318663594470046,0.20036866359447006,0.7752073732718893,0.3052995391705069,0.7387096774193548,0.316705069124424,0.7158986175115207,0.188963133640553,0.6292165898617511,0.20264976958525344,0.6679953917050692,0.31442396313364057,0.6474654377880185,0.3052995391705069,0.6337788018433179,0.2117741935483871,0.5288479262672812,0.19580645161290325,0.5539400921658987,0.2938940092165898,0.5539400921658987,0.2938940092165898,0.5516589861751152,0.25055299539170506,0.4330414746543779,0.2094930875576037,0.43076036866359446,0.2824884792626728,0.45813364055299544,0.30301843317972355,0.47410138248847933
7,0.595,0.595,0.519375,0.7347916666666666,0.3979166666666667,0.876875,0.30854166666666666,0.9914583333333333,0.258125,1.09,0.19624999999999998,0.7233333333333333,0.21687500000000004,0.780625,0.3177083333333333,0.74625,0.31999999999999995,0.7004166666666667,0.1916666666666667,0.6179166666666667,0.22833333333333336,0.6775,0.34291666666666665,0.6614583333333334,0.33375,0.6270833333333333,0.21916666666666665,0.5170833333333333,0.24437499999999998,0.55375,0.34979166666666667,0.5675,0.34520833333333334,0.5491666666666667,0.26729166666666665,0.4208333333333333,0.26729166666666665,0.4391666666666666,0.34520833333333334,0.478125,0.3566666666666667,0.4804166666666666
7,0.595,0.595,0.530627802690583,0.7304035874439462,0.4174215246636772,0.8813452914798207,0.33307174887892377,0.9945515695067265,0.2931165919282511,1.09,0.19988789237668164,0.7481614349775785,0.2553811659192825,0.8191928251121076,0.3352914798206278,0.7659192825112107,0.3241928251121076,0.7126457399103139,0.1843497757847534,0.6416143497757848,0.2664798206278027,0.7126457399103139,0.3641479820627803,0.6726905829596412,0.34195067264573986,0.6282959641255605,0.20210762331838567,0.539506726457399,0.2598206278026906,0.5861210762331839,0.34860986547085204,0.5816816143497758,0.33973094170403584,0.5594843049327355,0.24650224215246636,0.44183856502242147,0.2598206278026906,0.45737668161434974,0.33085201793721974,0.48623318385650227,0.34195067264573986,0.49289237668161434
7,0.595,0.595,0.5236681222707423,0.7246943231441048,0.40694323144104805,0.8695196506550218,0.32912663755458516,0.9927292576419214,0.2902183406113537,1.09,0.19727074235807862,0.7333406113537118,0.23617903930131004,0.7960262008733624,0.3356113537117904,0.748471615720524,0.32912663755458516,0.6987554585152839,0.18862445414847162,0.6295851528384279,0.253471615720524,0.696593886462882,0.3658733624454149,0.6684934497816595,0.34209606986899566,0.6295851528384279,0.21456331877729257,0.5344759825327511,0.25563318777292576,0.5798689956331878,0.3572270742358079,0.5820305676855896,0.3399344978165939,0.5604148471615721,0.25563318777292576,0.44585152838427955,0.270764192139738,0.4696288209606987,0.34641921397379916,0.4998908296943232,0.34641921397379916,0.4998908296943232
7,0.595,0.595,0.5205309734513275,0.7242256637168142,0.40225663716814164,0.8731637168141592,0.31683628318584073,0.9914380530973451,0.27522123893805306,1.09,0.21170353982300888,0.7307964601769911,0.22484513274336282,0.7986946902654867,0.3124557522123894,0.7570796460176992,0.31683628318584073,0.7067035398230088,0.2007522123893805,0.6300442477876107,0.2379867256637168,0.6957522123893806,0.34311946902654866,0.6694690265486726,0.33435840707964604,0.6300442477876107,0.22046460176991153,0.5336725663716815,0.2379867256637168,0.5774778761061946,0.3321681415929203,0.5840486725663717,0.32997787610619467,0.5621460176991151,0.2576991150442478,0.44387168141592925,0.2533185840707965,0.46358407079646025,0.3234070796460177,0.4964380530973451,0.33654867256637166,0.5008185840707965
7,0.595,0.595,0.5099559471365639,0.7280176211453745,0.3856607929515419,0.8719383259911895,0.29625550660792954,0.9918722466960352,0.25482378854625554,1.09,0.18504405286343611,0.7236563876651982,0.20903083700440533,0.7999779735682819,0.31588105726872245,0.7498237885462554,0.3246035242290749,0.6953083700440529,0.17850220264317182,0.6233480176211453,0.2199339207048458,0.7018502202643172,0.3333259911894273,0.6669603524229075,0.3246035242290749,0.6233480176211453,0.202488986784141,0.5274008810572688,0.2199339207048458,0.5819162995594713,0.3180616740088106,0.5862775330396476,0.32242290748898683,0.5601101321585903,0.24828193832599119,0.4401762114537445,0.23301762114537444,0.46416299559471363,0.30715859030837006,0.5034140969162996,0.3246035242290749,0.5099559471365639
7,0.595,0.595,0.510328947368421,0.7274342105263157,0.3844078947368421,0.8707236842105263,0.28888157894736843,0.9966447368421052,0.24328947368421053,1.09,0.1825,0.720921052631579,0.20638157894736842,0.80125,0.31276315789473685,0.7513157894736843,0.30625,0.6992105263157894,0.17815789473684213,0.6210526315789473,0.21940789473684208,0.7078947368421052,0.33447368421052637,0.675328947368421,0.31493421052631576,0.6253947368421052,0.20421052631578945,0.5276973684210526,0.22375,0.5884868421052631,0.33013157894736844,0.5884868421052631,0.3214473684210526,0.555921052631579,0.24763157894736845,0.4430263157894736,0.23677631578947367,0.47559210526315787,0.31493421052631576,0.510328947368421,0.3257894736842105,0.5081578947368421
7,0.595,0.595,0.5309913793103448,0.7358189655172414,0.39443965517241386,0.8659698275862069,0.272823275862069,0.9534482758620689,0.19814655172413792,1.0195905172413793,0.25788793103448276,0.744353448275862,0.1384051724137931,0.7635560344827585,0.23655172413793105,0.7464870689655172,0.3154956896551724,0.7294181034482758,0.23441810344827588,0.656875,0.1149353448275862,0.6718103448275862,0.24295258620689658,0.6590086206896552,0.32616379310344823,0.6440732758620689,0.22588362068965517,0.5715301724137931,0.1,0.5779310344827586,0.21308189655172413,0.5800646551724138,0.3005603448275862,0.5715301724137931,0.2322844827586207,0.47978448275862073,0.11706896551724136,0.4883189655172414,0.18747844827586208,0.5011206896551724,0.25788793103448276,0.5011206896551724
7,0.595,0.595,0.5307142857142857,0.7385714285714285,0.39142857142857146,0.8671428571428572,0.2671428571428571,0.9528571428571428,0.18999999999999997,1.0192857142857144,0.25642857142857145,0.7428571428571428,0.13428571428571429,0.7599999999999999,0.235,0.745,0.3142857142857143,0.7278571428571429,0.235,0.6528571428571428,0.11499999999999999,0.6635714285714285,0.24357142857142855,0.6571428571428571,0.32285714285714284,0.6421428571428571,0.22642857142857145,0.5671428571428572,0.1,0.5692857142857143,0.21142857142857147,0.5757142857142857,0.29928571428571427,0.5692857142857143,0.235,0.475,0.1192857142857143,0.4792857142857143,0.18785714285714286,0.49642857142857144,0.25857142857142856,0.49857142857142855
7,0.595,0.595,0.5393125,0.739375,0.4196875,0.8755,0.326875,0.9827499999999999,0.28356250000000005,1.0714375,0.27531249999999996,0.7579374999999999,0.1309375,0.7785624999999999,0.2093125,0.7703125,0.2876875,0.7579374999999999,0.252625,0.6754375,0.11031250000000002,0.694,0.2134375,0.689875,0.29800000000000004,0.673375,0.24437499999999998,0.595,0.1,0.6094375,0.18456249999999996,0.6135625,0.2670625,0.6011875,0.252625,0.5104375,0.1309375,0.5228125,0.17425000000000002,0.533125,0.23406250000000003,0.529
7,0.595,0.595,0.5361680327868853,0.7390368852459016,0.4144467213114754,0.8668442622950819,0.31706967213114756,0.9662499999999999,0.2643237704918033,1.0494262295081969,0.2744672131147541,0.7471516393442622,0.1324590163934426,0.7613524590163935,0.20346311475409834,0.7572950819672131,0.28055327868852464,0.7491803278688525,0.2541803278688525,0.6639754098360656,0.11014344262295081,0.6802049180327869,0.20954918032786887,0.6741188524590164,0.29678278688524595,0.6619467213114755,0.2460655737704918,0.582827868852459,0.1,0.5970286885245901,0.18114754098360653,0.5990573770491803,0.26229508196721313,0.5909426229508197,0.2541803278688525,0.4976229508196721,0.12840163934426227,0.507766393442623,0.1689754098360656,0.5179098360655737,0.23186475409836066,0.5158811475409836
6,0.595,0.595,0.5698305084745763,0.48313559322033894,0.6061864406779661,0.3461016949152542,0.6733050847457628,0.2677966101694915,0.7627966101694915,0.2705932203389831,0.8075423728813559,0.31254237288135595,0.9333898305084746,0.23703389830508476,1.0116949152542374,0.19508474576271187,1.09,0.1643220338983051,0.8494915254237289,0.3908474576271187,0.8466949152542372,0.3097457627118644,0.7348305084745763,0.3600847457627119,0.7040677966101695,0.4104237288135594,0.8634745762711864,0.4663559322033898,0.8383050847457627,0.3908474576271187,0.7404237288135592,0.43000000000000005,0.7264406779661016,0.4775423728813559,0.8662711864406779,0.5502542372881356,0.8215254237288135,0.48313559322033894,0.7432203389830508,0.4999152542372881,0.7348305084745763,0.5306779661016949
6,0.595,0.595,0.5763709677419355,0.4885483870967742,0.6189516129032258,0.3581451612903226,0.685483870967742,0.28629032258064513,0.767983870967742,0.29161290322580646,0.8105645161290322,0.3341935483870968,0.9356451612903226,0.2676612903225807,1.0128225806451614,0.23306451612903226,1.09,0.20645161290322583,0.8451612903225806,0.4087096774193548,0.8478225806451613,0.32887096774193547,0.7387096774193548,0.3714516129032258,0.7094354838709678,0.41403225806451616,0.8584677419354838,0.48322580645161295,0.8398387096774194,0.4087096774193548,0.7440322580645161,0.43798387096774194,0.7280645161290322,0.4805645161290323,0.8584677419354838,0.5630645161290323,0.8158870967741936,0.49653225806451606,0.7387096774193548,0.5071774193548387,0.7307258064516129,0.5364516129032258
6,0.595,0.595,0.5792021276595745,0.48968085106382975,0.6239627659574468,0.36329787234042554,0.6950531914893617,0.29220744680851063,0.7766755319148937,0.29484042553191486,0.8109042553191489,0.34486702127659574,0.9372872340425531,0.2843085106382979,1.0136436170212766,0.25007978723404256,1.09,0.2290159574468085,0.8424999999999999,0.41859042553191483,0.8556648936170212,0.3396010638297873,0.7477127659574468,0.3764627659574469,0.7134840425531914,0.4212234042553191,0.8530319148936171,0.49231382978723404,0.8477659574468084,0.4106914893617021,0.750345744680851,0.4422872340425532,0.7319148936170213,0.48704787234042557,0.8503989361702128,0.5713031914893617,0.8188031914893616,0.5002127659574468,0.7424468085106383,0.5107446808510638,0.7319148936170213,0.5449734042553191
6,0.595,0.595,0.5844680851063829,0.48968085106382975,0.6318617021276596,0.36593085106382983,0.7003191489361702,0.29484042553191486,0.7872074468085106,0.29484042553191486,0.8135372340425532,0.34486702127659574,0.9399202127659574,0.2843085106382979,1.0136436170212766,0.25007978723404256,1.09,0.22638297872340427,0.8451329787234042,0.41859042553191483,0.8609308510638297,0.336968085106383,0.7529787234042552,0.3764627659574469,0.71875,0.4212234042553191,0.8530319148936171,0.49231382978723404,0.8556648936170212,0.4106914893617021,0.7582446808510638,0.4422872340425532,0.7371808510638297,0.48704787234042557,0.8530319148936171,0.5713031914893617,0.8293351063829787,0.5002127659574468,0.7529787234042552,0.5081117021276595,0.7371808510638297,0.5370744680851064
6,0.595,0.595,0.578945945945946,0.49064864864864866,0.6271081081081081,0.36221621621621614,0.6993513513513514,0.289972972972973,0.784972972972973,0.289972972972973,0.8170810810810811,0.3408108108108108,0.9401621621621621,0.2792702702702703,1.015081081081081,0.2444864864864865,1.09,0.22040540540540537,0.8518648648648649,0.41572972972972966,0.8598918918918917,0.33278378378378376,0.7501891891891891,0.37291891891891893,0.7234324324324324,0.4184054054054054,0.8625675675675676,0.49064864864864866,0.8518648648648649,0.4077027027027027,0.7528648648648649,0.43981081081081086,0.7448378378378379,0.4852972972972973,0.8625675675675676,0.570918918918919,0.8251081081081082,0.4986756756756757,0.7475135135135135,0.5093783783783784,0.7421621621621621,0.5414864864864865
6,0.595,0.595,0.5847938144329897,0.4954896907216495,0.6383762886597938,0.37046391752577323,0.7174742268041236,0.30667525773195875,0.8042268041237114,0.31432989690721647,0.8169845360824742,0.36536082474226805,0.9420103092783505,0.31177835051546393,1.0160051546391753,0.2837113402061856,1.09,0.2658505154639176,0.8476030927835051,0.43680412371134025,0.8629123711340205,0.3551546391752577,0.7531958762886598,0.39087628865979385,0.727680412371134,0.4291494845360825,0.8552577319587628,0.5056958762886598,0.8527061855670103,0.4265979381443299,0.7531958762886598,0.45721649484536087,0.740438144329897,0.5005927835051547,0.8552577319587628,0.5822422680412371,0.8271907216494846,0.5133505154639175,0.7506443298969072,0.5210051546391753,0.7429896907216494,0.5516237113402062
6,0.595,0.595,0.5785,0.48775,0.628,0.353,0.70225,0.27875000000000005,0.7902499999999999,0.28150000000000003,0.8204999999999999,0.331,0.9415,0.25949999999999995,1.0157500000000002,0.21825000000000003,1.09,0.18800000000000003,0.85625,0.40800000000000003,0.8644999999999999,0.31999999999999995,0.7517499999999999,0.36124999999999996,0.7214999999999999,0.40800000000000003,0.86725,0.485,0.85625,0.39975000000000005,0.7545,0.4355,0.74075,0.48225000000000007,0.86725,0.5675,0.82875,0.4932500000000001,0.749,0.507,0.74075,0.5399999999999999
6,0.595,0.595,0.556,0.481,0.577,0.343,0.6399999999999999,0.277,0.7240000000000001,0.30700000000000005,0.7989999999999999,0.28300000000000003,0.9189999999999999,0.196,0.9969999999999999,0.14200000000000002,1.075,0.1,0.856,0.364,0.814,0.30700000000000005,0.703,0.373,0.691,0.42099999999999993,0.877,0.44799999999999995,0.805,0.40900000000000003,0.712,0.45099999999999996,0.718,0.487,0.877,0.538,0.7989999999999999,0.499,0.7240000000000001,0.514,0.727,0.538
6,0.595,0.595,0.554235294117647,0.48435294117647065,0.5717058823529412,0.3504117647058823,0.6299411764705882,0.28344117647058825,0.7085588235294118,0.3125588235294118,0.7842647058823529,0.2863529411764706,0.8978235294117647,0.19608823529411765,0.9706176470588235,0.14076470588235296,1.0434117647058823,0.1,0.8395882352941176,0.36205882352941177,0.7988235294117646,0.30964705882352944,0.694,0.3795294117647059,0.6823529411764706,0.4261176470588235,0.8628823529411763,0.4465,0.7929999999999999,0.41155882352941175,0.7056470588235294,0.45523529411764707,0.7085588235294118,0.4901764705882353,0.8657941176470588,0.5338529411764706,0.7929999999999999,0.5018235294117647,0.7172941176470587,0.5163823529411765,0.7202058823529411,0.5367647058823529
6,0.595,0.595,0.5617987804878048,0.4803048780487805,0.5889634146341464,0.3384451219512195,0.6523475609756098,0.26902439024390246,0.7338414634146341,0.3022256097560976,0.8032621951219512,0.2841158536585366,0.9270121951219512,0.19356707317073168,1.0054878048780487,0.13923780487804877,1.0839634146341464,0.1,0.8575914634146341,0.36560975609756097,0.8274085365853658,0.30826219512195124,0.7157317073170731,0.3716463414634147,0.6946036585365853,0.4199390243902439,0.875701219512195,0.453140243902439,0.8183536585365854,0.4108841463414634,0.7247865853658536,0.453140243902439,0.7217682926829267,0.489359756097561,0.875701219512195,0.5467073170731708,0.8153353658536585,0.5044512195121952,0.7398780487804878,0.5165243902439024,0.7338414634146341,0.5376524390243902
6,0.595,0.595,0.5760655737704918,0.4895081967213115,0.6085245901639345,0.3650819672131147,0.6707377049180328,0.3028688524590164,0.7464754098360655,0.32991803278688525,0.805983606557377,0.3380327868852459,0.9304098360655737,0.27581967213114755,1.0115573770491804,0.2433606557377049,1.09,0.22442622950819668,0.8465573770491802,0.4110655737704918,0.8276229508196722,0.34885245901639345,0.7221311475409836,0.3948360655737705,0.6950819672131148,0.4354098360655737,0.8573770491803278,0.4868032786885246,0.8140983606557377,0.43000000000000005,0.7248360655737704,0.4651639344262295,0.7194262295081967,0.5003278688524591,0.854672131147541,0.5652459016393443,0.8005737704918032,0.5111475409836066,0.7302459016393442,0.5219672131147541,0.7248360655737704,0.546311475409836
6,0.595,0.595,0.5763709677419355,0.4938709677419355,0.6136290322580644,0.3741129032258065,0.6748387096774193,0.31556451612903225,0.7440322580645161,0.3421774193548387,0.8079032258064516,0.3554838709677419,0.9329838709677418,0.29959677419354835,1.0128225806451614,0.27564516129032257,1.09,0.26233870967741935,0.8478225806451613,0.4273387096774194,0.8265322580645161,0.3634677419354838,0.7227419354838709,0.4033870967741936,0.6987903225806451,0.43798387096774194,0.8584677419354838,0.5018548387096774,0.8079032258064516,0.4406451612903226,0.7200806451612903,0.47524193548387095,0.7174193548387097,0.5071774193548387,0.8531451612903226,0.5763709677419355,0.7945967741935483,0.5178225806451613,0.7254032258064516,0.5311290322580645,0.7254032258064516,0.557741935483871
5,0.595,0.595,0.5391538461538461,0.42492307692307696,0.4909230769230769,0.28784615384615386,0.4477692307692307,0.21169230769230768,0.42238461538461536,0.17615384615384616,0.6026153846153846,0.22946153846153844,0.4503076923076923,0.1,0.38176923076923075,0.1583846153846154,0.38176923076923075,0.22692307692307692,0.5975384615384616,0.3183076923076923,0.37923076923076926,0.24215384615384614,0.364,0.3157692307692308,0.41984615384615376,0.3538461538461538,0.5696153846153846,0.41984615384615376,0.3690769230769231,0.3614615384615385,0.3716153846153847,0.4122307692307692,0.43000000000000005,0.43507692307692314,0.5315384615384615,0.5086923076923077,0.364,0.4604615384615385,0.3716153846153847,0.4833076923076923,0.42238461538461536,0.5010769230769231
5,0.595,0.595,0.5347619047619048,0.42214285714285715,0.49023809523809525,0.2754761904761905,0.45619047619047615,0.19690476190476192,0.43785714285714283,0.17333333333333334,0.6133333333333333,0.2178571428571429,0.4588095238095238,0.1,0.375,0.15500000000000003,0.36190476190476184,0.2178571428571429,0.6211904761904762,0.30952380952380953,0.3907142857142857,0.24666666666666667,0.3592857142857143,0.31214285714285717,0.4090476190476191,0.3488095238095238,0.595,0.4116666666666666,0.37238095238095237,0.36976190476190474,0.3645238095238096,0.4169047619047619,0.42214285714285715,0.43785714285714283,0.5557142857142857,0.5085714285714286,0.3671428571428572,0.4666666666666667,0.3645238095238096,0.485,0.41428571428571426,0.4954761904761905
5,0.595,0.595,0.5318085106382979,0.4238563829787234,0.48704787234042557,0.2764095744680851,0.45281914893617026,0.19478723404255321,0.43702127659574463,0.16845744680851066,0.6081648936170213,0.2184840425531915,0.4580851063829787,0.1,0.3738297872340426,0.15529255319148935,0.35803191489361696,0.2184840425531915,0.6160638297872341,0.3080053191489362,0.3896276595744681,0.25007978723404256,0.3527659574468085,0.31327127659574466,0.40015957446808514,0.3501329787234042,0.5923670212765957,0.41332446808510637,0.3711968085106383,0.3711968085106383,0.35803191489361696,0.41859042553191483,0.41332446808510637,0.4396542553191489,0.5528723404255319,0.5081117021276595,0.36329787234042554,0.4659840425531915,0.35803191489361696,0.4844148936170213,0.4054255319148936,0.4949468085106383
5,0.595,0.595,0.5284453781512605,0.4161344537815126,0.5326050420168067,0.24558823529411763,0.5450840336134454,0.16655462184873948,0.5825210084033613,0.10831932773109247,0.8237815126050421,0.16239495798319328,0.6407563025210085,0.1,0.5617226890756303,0.17071428571428576,0.5409243697478991,0.22894957983193276,0.8861764705882353,0.29134453781512604,0.6199579831932773,0.2788655462184874,0.5326050420168067,0.32878151260504207,0.5242857142857144,0.34542016806722686,0.8820168067226891,0.44109243697478995,0.5991596638655462,0.4535714285714286,0.5076470588235293,0.4951680672268908,0.499327731092437,0.499327731092437,0.8404201680672269,0.595,0.6365966386554621,0.6033193277310924,0.5450840336134454,0.595,0.5159663865546219,0.574201680672269
5,0.595,0.595,0.5273076923076924,0.4130769230769231,0.5315384615384615,0.2480769230769231,0.5653846153846154,0.1930769230769231,0.633076923076923,0.21846153846153848,0.8065384615384615,0.15923076923076923,0.5865384615384616,0.1,0.5230769230769231,0.17192307692307696,0.5315384615384615,0.22692307692307692,0.8826923076923078,0.2946153846153846,0.5146153846153846,0.3496153846153846,0.5146153846153846,0.40884615384615386,0.6076923076923076,0.42153846153846153,0.8742307692307691,0.45961538461538465,0.5019230769230769,0.4934615384615385,0.5146153846153846,0.5188461538461538,0.6119230769230769,0.5146153846153846,0.831923076923077,0.6246153846153846,0.5442307692307693,0.6203846153846154,0.5399999999999999,0.6119230769230769,0.6161538461538462,0.6034615384615384
5,0.595,0.595,0.5151612903225806,0.4233467741935484,0.49520161290322584,0.2716532258064516,0.5111693548387097,0.20778225806451617,0.5710483870967742,0.21975806451612906,0.7586693548387096,0.1718548387096774,0.5790322580645162,0.1,0.49919354838709673,0.15987903225806452,0.47524193548387095,0.21576612903225806,0.8265322580645161,0.2836290322580645,0.49919354838709673,0.30358870967741935,0.46326612903225806,0.3754435483870967,0.5191532258064516,0.4073790322580645,0.8225403225806451,0.4233467741935484,0.47524193548387095,0.44729838709677416,0.45129032258064516,0.49120967741935484,0.5191532258064516,0.49919354838709673,0.7786290322580646,0.5590725806451613,0.5031854838709677,0.5630645161290323,0.46326612903225806,0.5710483870967742,0.5071774193548387,0.5670564516129033
5,0.595,0.595,0.5983445945945947,0.41773648648648654,0.47459459459459463,0.25719594594594597,0.31405405405405407,0.20368243243243242,0.20368243243243242,0.21371621621621623,0.5281081081081082,0.2270945945945946,0.2806081081081081,0.1,0.2939864864864865,0.17692567567567566,0.36087837837837833,0.24716216216216214,0.4679054054054054,0.3541891891891892,0.19699324324324324,0.25050675675675677,0.24716216216216214,0.3040202702702703,0.33077702702702705,0.3441554054054054,0.4110472972972973,0.47124999999999995,0.1735810810810811,0.3675675675675676,0.23712837837837836,0.40101351351351355,0.31739864864864864,0.42777027027027026,0.36087837837837833,0.5682432432432433,0.19030405405405407,0.4645608108108108,0.2438175675675676,0.4812837837837838,0.3107094594594595,0.5046959459459459
5,0.595,0.595,0.5007142857142857,0.4441428571428572,0.4912857142857143,0.2697142857142857,0.5337142857142857,0.19899999999999998,0.628,0.17542857142857143,0.7741428571428571,0.11885714285714286,0.5714285714285714,0.1,0.5007142857142857,0.19428571428571428,0.5054285714285714,0.25557142857142856,0.892,0.26028571428571423,0.5667142857142857,0.35457142857142854,0.5101428571428571,0.4205714285714285,0.562,0.4158571428571428,0.9202857142857142,0.4394285714285714,0.5855714285714285,0.5431428571428571,0.5384285714285714,0.5714285714285714,0.595,0.5478571428571428,0.8967142857142857,0.6232857142857142,0.628,0.6845714285714286,0.5761428571428572,0.6798571428571428,0.6232857142857142,0.6515714285714286
5,0.595,0.595,0.5517857142857143,0.41035714285714286,0.4928571428571429,0.2335714285714286,0.43785714285714283,0.1825,0.41821428571428565,0.21,0.7050000000000001,0.21,0.4810714285714286,0.1,0.3710714285714286,0.10392857142857143,0.3317857142857143,0.13928571428571432,0.6814285714285714,0.3317857142857143,0.3632142857142857,0.27285714285714285,0.3239285714285714,0.31607142857142856,0.3710714285714286,0.3514285714285714,0.6185714285714285,0.4614285714285715,0.30821428571428566,0.41821428571428565,0.3003571428571429,0.44571428571428573,0.3710714285714286,0.4614285714285715,0.5399999999999999,0.5871428571428572,0.2964285714285715,0.5360714285714285,0.30821428571428566,0.5478571428571428,0.3907142857142857,0.5675
5,0.595,0.595,0.5410576923076923,0.41730769230769227,0.47124999999999995,0.265,0.4046153846153846,0.1983653846153846,0.3601923076923077,0.1983653846153846,0.5981730769230769,0.2110576923076923,0.4077884615384616,0.1,0.3221153846153846,0.15076923076923077,0.3094230769230769,0.21740384615384617,0.5918269230769231,0.3157692307692308,0.3252884615384616,0.265,0.31259615384615386,0.33163461538461536,0.37923076923076926,0.3601923076923077,0.5600961538461539,0.43634615384615383,0.31259615384615386,0.3982692307692308,0.3252884615384616,0.4426923076923077,0.3950961538461538,0.4522115384615385,0.515673076923077,0.5410576923076923,0.3094230769230769,0.5029807692307692,0.32846153846153847,0.5220192307692307,0.3982692307692308,0.5347115384615384
5,0.595,0.595,0.48036842105263156,0.40221052631578946,0.4647368421052632,0.20942105263157895,0.496,0.14689473684210524,0.605421052631579,0.18336842105263157,0.7877894736842105,0.11042105263157893,0.506421052631579,0.1,0.4751578947368421,0.17815789473684213,0.5376842105263158,0.2198421052631579,0.9076315789473683,0.29800000000000004,0.44389473684210523,0.4074210526315789,0.46994736842105267,0.43347368421052634,0.6002105263157894,0.4282631578947369,0.9076315789473683,0.5168421052631579,0.4491052631578947,0.595,0.496,0.5897894736842105,0.6262631578947369,0.5689473684210526,0.860736842105263,0.7252631578947368,0.506421052631579,0.7565263157894737,0.5324736842105263,0.7252631578947368,0.6523157894736842,0.704421052631579
5,0.595,0.595,0.5311290322580645,0.4233467741935484,0.5231451612903226,0.2716532258064516,0.5431048387096774,0.20778225806451617,0.6109677419354839,0.21576612903225806,0.7985887096774194,0.16786290322580644,0.6069758064516129,0.1,0.5231451612903226,0.17584677419354838,0.5191532258064516,0.23173387096774192,0.8744354838709677,0.2956048387096774,0.5590725806451613,0.3075806451612903,0.5111693548387097,0.3754435483870967,0.5630645161290323,0.3954032258064516,0.8704435483870967,0.44729838709677416,0.5391129032258064,0.46725806451612906,0.5111693548387097,0.5071774193548387,0.5830241935483871,0.5111693548387097,0.834516129032258,0.595,0.5670564516129033,0.595,0.5271370967741935,0.6029838709677419,0.5790322580645162,0.598991935483871
5,0.595,0.595,0.57953125,0.41865625000000006,0.48671875,0.2670625,0.36915624999999996,0.19899999999999998,0.2794375,0.19899999999999998,0.5455,0.20209375000000002,0.31656249999999997,0.1,0.285625,0.1680625,0.32275,0.23303125000000002,0.51146875,0.310375,0.24850000000000003,0.236125,0.27634375,0.3041875,0.35059375000000004,0.33203125,0.47124999999999995,0.42174999999999996,0.23921875,0.34440625,0.27634375,0.38771875,0.35059375000000004,0.40628125000000004,0.42793749999999997,0.52075,0.25778124999999996,0.44340625,0.29800000000000004,0.46815625000000005,0.36296874999999995,0.48362499999999997
5,0.595,0.595,0.5484615384615384,0.40038461538461545,0.5696153846153846,0.23538461538461541,0.6034615384615384,0.1973076923076923,0.6584615384615384,0.21423076923076922,0.87,0.16346153846153846,0.6203846153846154,0.1,0.5146153846153846,0.18884615384615389,0.48923076923076925,0.265,0.9207692307692307,0.3242307692307692,0.5653846153846154,0.34115384615384614,0.5103846153846153,0.40038461538461545,0.5653846153846154,0.43000000000000005,0.8911538461538462,0.4934615384615385,0.5315384615384615,0.5103846153846153,0.5061538461538462,0.5315384615384615,0.5865384615384616,0.5315384615384615,0.8276923076923077,0.65,0.5484615384615384,0.6457692307692308,0.5146153846153846,0.6288461538461538,0.5611538461538461,0.6161538461538462
5,0.595,0.595,0.5572457627118644,0.3978389830508474,0.5698305084745763,0.2468220338983051,0.5908050847457628,0.2090677966101695,0.6411440677966102,0.23843220338983054,0.8718644067796609,0.16292372881355932,0.6369491525423728,0.1,0.5278813559322034,0.1797033898305085,0.5152966101694915,0.25101694915254236,0.9222033898305084,0.3223305084745763,0.565635593220339,0.32652542372881355,0.5236864406779661,0.3894491525423729,0.595,0.4104237288135594,0.8928389830508474,0.4985169491525424,0.5320762711864406,0.4943220338983051,0.5236864406779661,0.5194915254237288,0.6201694915254238,0.5194915254237288,0.8257203389830509,0.6621186440677966,0.5404661016949153,0.6327542372881356,0.536271186440678,0.6201694915254238,0.6201694915254238,0.611779661016949
